Category,Name,Value,Units,Description,Source,doi,Symbol,Full name,Uncertainty,min-max
AD,Eff,0.37,-,AD efficiency,Thees 2017,,\eta_{AD},Efficiency,0.25,
AD,Elec_cons,0.008,-,AD faction of electricity consumed,Carlini 2017,10.3390/en10081165,f_{AD_{EL/BG}},Electric consumption,0.25,
AD,Heat_cons,0.32,-,Fraction of heat self consumed relative to the biogas procued,Thees 2017,,f_{AD_{Q/BG}},Heat consumption,0.5,
AHP,COP,3,-,Coefficient of Performance,energyscope,,COP_{AHP},Coefficient of Performance,0.25,
GHP,COP,4,-,Coefficient of Performance,Perego 2019,,COP_{GHP},Coefficient of Performance,0.25,3-5
BAT,Eff,0.9,-,BAT roundtrip efficiency,Paul PHD,,\eta{BAT},Efficiency,0.05,
BAT,Self_discharge,0.003,-,Constant hourly self discharge,Tuned,,r_{BAT_{sd}},Self dischanrge rate,0.1,
BS,Self_discharge,0.000416,-,Biogas loss in per cent of gas stored per hour,Hahn 2014,,r_{BS_{sd}},Self dischanrge rate,0.1,
BS,Elec_fan,0.063186,-,Electricity consumed for the fan in kW-el/MW-th storage capacity ,Hahn 2014,,f^{fan}_{BS_{EL/BG}},Electric consumption,0.1,
BU,Eff,0.95,-,Fraction of methane recovered during upgrading (average),Chen 2015,,\eta_{u},Efficiency,0.05,
BU,Elec_comp,0.045529412,-,Fraction of electricity consumed per kWh-th biomethane (pessimist),Chen 2015,,f^{comp}_{u_{EL/BM}},Electric consumption,0.1,
CGT,Elec_comp,0.02,-,Fraction of energy requiered to compress natural gas to 2500 psig,Sinor 1991,,f^{comp}_{CGT_{EL/NG}},Electric consumption,0.1,
EH,Eff,0.99,-,Electric Heater efficiency,Paul PHD,,\eta_{EH},Efficiency,0.01,
GBOI,Eff,0.98,-,Gas Boiler efficiency,energyscope,,\eta_{GBOI},Efficiency,0.01,
GCSOFC,Elec_cons,0.015,-,GCSOFC Elec cons relative to Biogas throughput,Nils PdS,,f_{GCSOFC_{EL/BG}},Electric consumption,0.1,
ICE,Eff_elec,0.3,-,ICE electric efficiency,Samuel PdM,,"\eta_{ICE, EL}",Electric efficiency,0.25,
ICE,Eff_thermal,0.75,-,ICE thermal efficiency,Samuel PdM,,"\eta_{ICE, Q}",Thermal efficiency,0.1,
PV,Eff,0.14,-,PV efficiency,Paul PHD,,\eta_{PV},Efficiency,0.5,
PV,max_utilisation,0.5,-,Maximum utilisation of available rood area,setting,,f_{PV_{A_{PV}/A}},Available area,0.25,
PV,P_density,0.197,kW/m^2,PV power density,Panasonic datasheet,,\rho_{PV},Energy density,0.1,
SOFC,Eff_elec_biogas,0.5,-,SOFC electric efficiency when fed with biogas,JVH,,"\eta_{SOFC, EL-BG}",Electric efficiency for BG,0.1,
SOFC,Eff_elec_gas,0.6,-,SOFC electric efficiency when fed with natural gas,JVH,,"\eta_{SOFC, EL-NG}",Electric efficiency for NG,0.1,
SOFC,Eff_thermal,0.9,-,SOFC thermal efficiency,JVH,,"\eta_{SOFC, Q}",Thermal efficiency,0.1,
WBOI,Eff,0.85,-,Wood Boiler efficiency,energyscope,,\eta_{WBOI},Efficiency,0.05,
GFS,Conversion_cost,48,kCHF/Tractor,Conversion cost of one tractor from diesel to cng,omnitekcorp.com,,c^{convert}_{GFS},Conversion cost,0.5,
GFS,Total_cost,41,kCHF,Total invesetemnt cost for a 5 tractor fueling station (without multiplication),gastsationpaper,,c^{total}_{GFS},Total cost,0,
GFS,Elec_dry,0.0075,-,Fraction of electricity requiered to dry biogas,est from PdS nils,,f^{dry}_{GFS_{EL/BG}},Electric consumption dryer,0.1,
GFS,Elec_comp,0.03,-,Fraction of energy requiered to compress natural gas to 3600 psig,est from Sinor 1991,,f^{comp}_{GFS_{EL/NG}},Electric consumption compressor,0.1,
GFS,Fueling_Time,10,h,Time to refuel 2 to 5 tractors in hours,gastsationpaper,,t_{slow-fuel},Fueling time,0,
Physical,Hours_per_year,8760,h/year,Hours in a year,fact,,t_{op},Operating time,0,
Physical,Cp_water,1.16222222222222,kWh/C/m^3,Heat capacity of water,nist.gov,,C^{Water}_p,Heat capacity,0,
Physical,Biogas_CH4,0.6,-,Fraction of CO2 contained in Biogas,JVH,,f_{BG_{CH_4/CO_2}},BG Methane volume fraction,0,
Physical,Diesel_LHV,10,kWh/l,Diesel lower heating value per liter,engineeringtoolbox.com,,LHV_{Diesel},LHV of diesel,0,
Physical,Manure_emissions,110,kgCO2/t,CO2 equivalent emissions from untreated manure (lagooning + spread),Prapaspongsa 2010,,f_{CO_2/manure},Manure emissions untreated,0.3,
Physical,Manure_AD,0.59,-,Manure emissions reduction with AD treatment and biogas combustion,calc,,f^{AD}_{CO_2/manure},Manure emissions AD reduction,0.3,
Farm,Ground_area,6601,m^2,Building ground surface area,geo.admin.ch,,"A_{b, ground}",Buildings ground area,0,
Farm,cons_Elec_annual,787000,kWh/year,Annual electric consumption,SFF,,E^{+ el}_{b},Annual electric consumption,0,
Farm,cons_Heat_annual,1650000,kWh/year,Annual heat consumption1650000,SFF,,"\dot{Q}^+_{b, real}",Annual heat consumption,0,
Farm,cons_Diesel_annual,8000,l/year,Annual diesel consumption for tractors,SFF,,\dot{E}^{+ diesel}_{tractors},Annual diesel consumption,0,
Farm,nbr_tractors,4,Tractor,Number of tractors in poteration,SFF,,N_{tractors},Number of tractors,0,
Farm,Temp_tractors,5,C,Temperature treshold for using tractors,Setting,,"T_{ext, tractors}",Tractor operating temperature,0,
Farm,i,0.022,-,0.025Annual interest rate,Nils PdS,,i,Annual interest rate,0.1,
Farm,Export_CO2,0.95,-,Share of emissions reduction for exporting a resource,Setting,,f^{sell}_{CO_2},Emissions deduction for export,0,
Profile,Temperature,Weather,C,External shaded Temperature ,agrometeo.ch,,T_{ext},,0,
Profile,Irradiance,Weather,kWh/m^2,Global Irradiance,agrometeo.ch,,I,,0,
Profile,Elec_cons,farm_elec_cons.csv,-,Electricity consumption profile,None SIA,,\dot{E}^{+ el}_{b},,0,
Profile,Occupation,farm_occupation.csv,-,Occupation profile relating to humain gains,None SIA,,\hat{P}_{occup},,0,
Nid,Nid_WO,89.2202778,GWh/year,wood available in Nidwalden per year,WSL,,\dot{E}^{+ WO}_{Nid},,0,
Nid,Nid_AM,63.3097222,GWh/year,animal manure available in Nidwalden per year,WSL,,\dot{E}^{+ AM}_{Nid},,0,
Nid,Nid_GW,19.12,GWh/year,green waste available in Nidwalden per year,WSL,,\dot{E}^{+ GW}_{Nid},,0,
Nid,Nid_SS,8.29527778,GWh/year,sewage sludge available in Nidwalden per year,WSL,,\dot{E}^{+ SS}_{Nid},,0,
Nid,Nid_gas,72,GWh/year,gas demand in Nidwalden per year,ZHAW,,\dot{E}^{+ gas}_{Nid},,0,
Nid,Nid_heat,15,GWh/year,district heating in Nidwalden per year,ZHAW,,\dot{E}^{+ heat}_{Nid},,0,
Nid,Nid_elec,329.7,GWh/year,electricity use in Nidwalden per year,ZHAW,,\dot{E}^{+ elec}_{Nid},,0,
WGEM,Eff,0.25,-,Wood Boiler efficiency,energyscope,,\eta_{WBOI},Efficiency,0.05,
WGEM,Elec_cons,0.008,-,AD faction of electricity consumed,Tilman,10.3390/en10081165,f_{WGEM_{EL/BG}},Electric consumption,0.25,
WGMO,Eff,0.625,-,WGM1 efficiency,Tilman,,\eta_{WGMO},Efficiency,0,
WGMO,Elec_cons,0.094,-,WGM1 faction of electricity consumed,Tilman,,f_{WGMO_{EL/BG}},Electric consumption,0,
WGMO,Heat_prod,0.09,-,Fraction of heat produced relative to the biomethane procued at 80C,Tilman,,f_{WGMO_{Q/BG}},Heat production,0,
WGMT,Eff,0.625,-,WGM2 efficiency,Tilman,,\eta_{WGMT},Efficiency,0,
WGMT,Elec_cons,0.1,-,WGEM1 faction of electricity consumed,Tilman,,f_{WGMT_{EL/BG}},Electric consumption,0,
WGMT,Heat_prod,0.09,-,Fraction of heat produced relative to the biomethane procued at 80C,Tilman,,f_{WGMT_{Q/BG}},Heat production,0,
WGEMO,Eff,0.625,-,WGEM1 efficiency,Tilman,,\eta_{WGEMO},Efficiency,0,
WGEMO,Elec_cons,0.10075,-,WGEM1 faction of electricity consumed,Tilman,,f_{WGEMO_{EL/BG}},Electric consumption,0,
WGEMO,Heat_prod,0.0126,-,Fraction of heat produced relative to the biomethane procued at 80C,Tilman,,f_{WGEMO_{Q/BG}},Heat production,0,
WGEMT,Eff,0.625,-,WGEM2 efficiency,Tilman,,\eta_{WGEMT},Efficiency,0,
WGEMT,Elec_cons,0.11025,-,WGEM2 faction of electricity consumed,Tilman,,f_{WGEMT_{EL/BG}},Electric consumption,0,
WGEMT,Heat_prod,0.01265,-,Fraction of heat produced relative to the biomethane procued at 80C,Tilman,,f_{WGEMT_{Q/BG}},Heat production,0,
WGICE,Eff_elec,0.275,-,0.275WGICE electric efficiency0.13,Samuel PdM,,"\eta_{WGICE, EL}",Electric efficiency,0.1,
WGICE,Eff_thermal,0.3625,-,WGICE thermal efficiency0.145,Samuel PdM,,"\eta_{WGICE, Q}",Thermal efficiency,0.1,
WCHP,Eff_elec,0.119,-,WGICE electric efficiency,Samuel PdM,,"\eta_{WCHP, EL}",Electric efficiency,0.1,
WCHP,Eff_thermal,0.53,-,WGICE thermal efficiency,Samuel PdM,,"\eta_{WCHP, Q}",Thermal efficiency,0.1,
MHYGU,Eff,0.65,-,Manure Hygas Upgrading efficiency,Tilman,\eta_{MHYGU},Efficiency,0.08,
MADUP,Eff,0.3,-,Manure Anaerobic Digestion and Upgrading,JASM,,\eta_{MADUP},Efficiency,0.05,
MADUPO,Eff,0.3,-,Manure Anaerobic Digestion and Upgrading 1,JASM,,\eta_{MADUPO},Efficiency,0.05,
MADUPO,Elec_cons,0.0135,-,MADUP1 faction of electricity consumed,Tilman,,f_{MADUPO_{EL/BG}},Electric consumption,0,
MADUPO,Heat_prod,0.073,-,Fraction of heat produced relative to the biomethane procued at 80C,Tilman,,f_{MADUPO_{Q/BG}},Heat production,0,
MADUPT,Eff,0.3,-,Manure Anaerobic Digestion and Upgrading 2,JASM,,\eta_{MADUPT},Efficiency,0.05,
MADUPT,Elec_cons,0.0135,-,MADUP1 faction of electricity consumed,Tilman,,f_{MADUPT_{EL/BG}},Electric consumption,0,
MADUPT,Heat_prod,0.073,-,Fraction of heat produced relative to the biomethane procued at 80C,Tilman,,f_{MADUPT_{Q/BG}},Heat production,0,
MADICE,Eff_elec,0.13,-,0.13MADICE electric efficiency,Samuel PdM,,"\eta_{MADICE, EL}",Electric efficiency,0.25,
MADICE,Eff_thermal,0.145,-,MADICE thermal efficiency,Samuel PdM,,"\eta_{MADICE, Q}",Thermal efficiency,0.1,
GHYGU,Eff,0.7,-,Green Waste Hygas Upgrading efficiency,Tilman,\eta_{GHYGU},Efficiency,0.08,
GADUP,Eff,0.275,-,0.275Green Waste Anaerobic Digestion and Upgrading,JASM,,\eta_{GADUP},Efficiency,0.05,
GADUPO,Eff,0.275,-,Green Waste Anaerobic Digestion and Upgrading 1,JASM,,\eta_{GADUPO},Efficiency,0.05,
GADUPO,Elec_cons,0.0135,-,GADUP1 faction of electricity consumed,Tilman,,f_{GADUPO_{EL/BG}},Electric consumption,0,
GADUPO,Heat_prod,0.073,-,Fraction of heat produced relative to the biomethane procued at 80C,Tilman,,f_{GADUPO_{Q/BG}},Heat production,0,
GADUPT,Eff,0.275,-,Green Waste Anaerobic Digestion and Upgrading 2,JASM,,\eta_{GADUPT},Efficiency,0.05,
GADUPT,Elec_cons,0.0135,-,GADUP2 faction of electricity consumed,Tilman,,f_{GADUPT_{EL/BG}},Electric consumption,0,
GADUPT,Heat_prod,0.073,-,Fraction of heat produced relative to the biomethane procued at 80C,Tilman,,f_{GADUPT_{Q/BG}},Heat production,0,
SHYGU,Eff,0.6,-,Sewage sludge Hygas Upgrading efficiency,Tilman,\eta_{SHYGU},Efficiency,0.08,
SADUP,Eff,0.3,-,Sewage sludge Anaerobic Digestion and Upgrading,JASM,,\eta_{SADUP},Efficiency,0.05,
SADUPO,Eff,0.3,-,Sewage sludge Anaerobic Digestion and Upgrading 1,JASM,,\eta_{SADUPO},Efficiency,0.05,
SADUPO,Elec_cons,0.0135,-,SADUP1 faction of electricity consumed,Tilman,,f_{SADUPO_{EL/BG}},Electric consumption,0,
SADUPO,Heat_prod,0.073,-,Fraction of heat produced relative to the biomethane procued at 80C,Tilman,,f_{SADUPO_{Q/BG}},Heat production,0,
SADUPT,Eff,0.3,-,Sewage sludge Anaerobic Digestion and Upgrading 2,JASM,,\eta_{SADUPT},Efficiency,0.05,
SADUPT,Elec_cons,0.0135,-,SADUP1 faction of electricity consumed,Tilman,,f_{SADUPT_{EL/BG}},Electric consumption,0,
SADUPT,Heat_prod,0.073,-,Fraction of heat produced relative to the biomethane procued at 80C,Tilman,,f_{SADUPT_{Q/BG}},Heat production,0,
SADICE,Eff_elec,0.13,-,SADICE electric efficiency,Samuel PdM,,"\eta_{SADICE, EL}",Electric efficiency,0.25,
SADICE,Eff_thermal,0.1595,-,SADICE thermal efficiency,Samuel PdM,,"\eta_{SADICE, Q}",Thermal efficiency,0.1,

