Category,Name,Value,Units,Description
Model,Solver_time_limit,1000,s,Maximum solving time allowed
Model,Var_bound,25000000,-,Default upper bound for all variables
Model,Var_bound_tight,100000,-,Default upper bound for small variables
Model,Clusters,10,clusters,"Number of clusters (10, 20, 30, 50 or 100)"
WBOI,Is_renewable,1,-,1 if wood is considered renewable 0 if not
Farm,Is_energy_producer,0,-,1 if the farm is an energy producer 0 otherwise
Farm,Feed_in_tariff,0.28,CHF/KWh,Feed-in tariff for electricity sold to the grid
Time,Time_step,01:00:00,time,Number of minutes in a time step
Time,Period_start,2019-01-01,date,Period starting from this date
Time,Period_end,2020-01-01,date,Period lasting until this date
Time,Period_start_time,00:00:00,time,Period start and end time
Time,Date_format,%Y-%m-%d,string,Date format
Time,Time_format,%H:%M:%S,string,Time format
PV,max_capacity,50,kW,Maximum PV installed capacity
PV,min_capacity,0,kW,Minimum PV installed capacity
BAT,max_capacity,0,kWh,Maximum BAT installed capacity
BAT,min_capacity,0,kWh,Minimum BAT installed capacity
AD,max_capacity,0,kW,Maximum AD installed capacity
AD,min_capacity,0,kW,Minimum AD installed capacity
SOFC,max_capacity,0,kW,Maximum SOFC installed capacity
SOFC,min_capacity,0,kW,Minimum SOFC installed capacity
ICE,max_capacity,0,kW,Maximum ICE installed capacity
ICE,min_capacity,0,kW,Minimum ICE installed capacity
GCSOFC,max_capacity,0,kW,Maximum GCSOFC installed capacity
GCSOFC,min_capacity,0,kW,Minimum GCSOFC installed capacity
GBOI,max_capacity,15000,kW,Maximum GBOI installed capacity
GBOI,min_capacity,0,kW,Minimum GBOI installed capacity
WBOI,max_capacity,0,kW,Maximum WBOI installed capacity
WBOI,min_capacity,0,kW,Minimum WBOI installed capacity
EH,max_capacity,0,kW,Maximum EH installed capacity
EH,min_capacity,0,kW,Minimum EH installed capacity
AHP,max_capacity,0,kW,Maximum AHP installed capacity
AHP,min_capacity,0,kW,Minimum AHP installed capacity
GHP,max_capacity,0,kW,Maximum GHP installed capacity
GHP,min_capacity,0,kW,Minimum GHP installed capacity
CGT,max_capacity,0,kWh,Maximum CGT installed capacity
CGT,min_capacity,0,kWh,Minimum CGT installed capacity
GFS,max_capacity,0,kW,Maximum GFS installed capacity
GFS,min_capacity,0,kW,Minimum GFS installed capacity
BS,max_capacity,0,kWh,Maximum BS installed capacity
BS,min_capacity,0,kWh,Minimum BS installed capacity
BU,max_capacity,0,kW,Maximum BU installed capacity
BU,min_capacity,0,kW,Minimum BU installed capacity
GI,max_capacity,0,kW,Maximum GI installed capacity
GI,min_capacity,0,kW,Minimum GI installed capacity
WGEM,max_capacity,0,kW,Maximum WBOI installed capacity
WGEM,min_capacity,0,kW,Minimum WBOI installed capacity
WGMO,max_capacity,6365.6,kW,Maximum WGM1 installed capacity6365.6
WGMO,min_capacity,0,kW,Minimum WGM1 installed capacity
WGMT,max_capacity,6365.6,kW,Maximum WGM1 installed capacity6365.6
WGMT,min_capacity,0,kW,Minimum WGM1 installed capacity
WGEMO,max_capacity,6365.6,kW,Maximum WGEM1 installed capacity6365.6
WGEMO,min_capacity,0,kW,Minimum WGEM1 installed capacity
WGEMT,max_capacity,6365.6,kW,Maximum WGEM2 installed capacity6365.6
WGEMT,min_capacity,0,kW,Minimum WGEM2 installed capacity
WGICE,max_capacity,2800.9,kW,Maximum WGICE installed capacity2800.9 1324
WGICE,min_capacity,0,kW,Minimum WGICE installed capacity
WCHP,max_capacity,1212,kW,Maximum WCHP installed capacity1212
WCHP,min_capacity,0,kW,Minimum WCHP installed capacity
MHYGU,max_capacity,4697.6,kW,Maximum MHYGU installed capacity4697.6
MHYGU,min_capacity,0,kW,Minimum MHYGU installed capacity
MADUP,max_capacity,2168.1,kW,Maximum MADUP installed capacity2168.1
MADUP,min_capacity,0,kW,Minimum MADUP installed capacity
MADUPO,max_capacity,2168.1,kW,Maximum MADUP installed capacity2168.1
MADUPO,min_capacity,0,kW,Minimum MADUP installed capacity
MADUPT,max_capacity,2168.1,kW,Maximum MADUP installed capacity2168.1
MADUPT,min_capacity,0,kW,Minimum MADUP installed capacity
MADICE,max_capacity,939.53,kW,Maximum MADUP installed capacity939.53
MADICE,min_capacity,0,kW,Minimum MADUP installed capacity
GHYGU,max_capacity,1527.9,kW,Maximum MHYGU installed capacity1527.9
GHYGU,min_capacity,0,kW,Minimum MHYGU installed capacity
GADUP,max_capacity,600.23,kW,Maximum MADUP installed capacity600.23
GADUP,min_capacity,0,kW,Minimum MADUP installed capacity
GADUPO,max_capacity,600.23,kW,600.23Maximum MADUP installed capacity600.23
GADUPO,min_capacity,0,kW,Minimum MADUP installed capacity
GADUPT,max_capacity,600.23,kW,600.23Maximum MADUP installed capacity600.23
GADUPT,min_capacity,0,kW,Minimum MADUP installed capacity
SHYGU,max_capacity,568.17,kW,Maximum SHYGU installed capacity568.17
SHYGU,min_capacity,0,kW,Minimum SHYGU installed capacity
SADUP,max_capacity,284.08,kW,Maximum SADUP installed capacity284.08
SADUP,min_capacity,0,kW,Minimum SADUP installed capacity
SADUPO,max_capacity,284.08,kW,Maximum SADUP installed capacity284.08
SADUPO,min_capacity,0,kW,Minimum SADUP installed capacity
SADUPT,max_capacity,284.08,kW,Maximum SADUP installed capacity284.08
SADUPT,min_capacity,0,kW,Minimum SADUP installed capacity
SADICE,max_capacity,123.1,kW,Maximum MADUP installed capacity123.1
SADICE,min_capacity,0,kW,Minimum MADUP installed capacity
